Workbook

Sheet Пары блюд
A1: Позиция | B1: Вариант А | C1: Вариант Б | D1: Норма закладки А, г/порц. | E1: Норма закладки Б, г/порц. | F1: Цена А, руб/кг | G1: Цена Б, руб/кг | H1: Стоимость порции А, руб | I1: Стоимость порции Б, руб | J1: Разница, руб/порц. | K1: Порций в месяц | L1: Разница, руб/мес
A2: Каша гарнирная | B2: Гречка | C2: Рис | D2: 200 | E2: 200 | F2: 90 | G2: 110 | H2: =ROUND(C2*D2/1000*F2,2) | I2: =ROUND(C2*E2/1000*G2,2) | J2: =ROUND(H2-I2,2) | K2: 600 | L2: =ROUND(K2*J2,2)
A3: Белковая позиция | B3: Котлета мясная | C3: Котлета рыбная | D3: 100 | E3: 100 | F3: 320 | G3: 260 | H3: =ROUND(C3*D3/1000*F3,2) | I3: =ROUND(C3*E3/1000*G3,2) | J3: =ROUND(H3-I3,2) | K3: 600 | L3: =ROUND(K3*J3,2)
A4: Первое | B4: Щи | C4: Борщ | D4: 250 | E4: 250 | F4: 60 | G4: 65 | H4: =ROUND(C4*D4/1000*F4,2) | I4: =ROUND(C4*E4/1000*G4,2) | J4: =ROUND(H4-I4,2) | K4: 600 | L4: =ROUND(K4*J4,2)
A5: Напиток | B5: Компот | C5: Морс | D5: 200 | E5: 200 | F5: 50 | G5: 55 | H5: =ROUND(C5*D5/1000*F5,2) | I5: =ROUND(C5*E5/1000*G5,2) | J5: =ROUND(H5-I5,2) | K5: 600 | L5: =ROUND(K5*J5,2)
A7: Итого разница, руб/мес | L7: =SUM(L2:L5)

Sheet Отходы
A1: Показатель | B1: Значение | C1: Ед. | D1: Комментарий
A2: Число жителей | B2: 150 | C2: чел. | D2: входные данные учреждения
A3: Тарелочные остатки | B3: 80 | C3: г/порцию | D3: замер 7 дней (приложение 25)
A4: Приёмов пищи в день | B4: 3
A5: Средняя закупочная цена сырья | B5: 250 | C5: руб/кг | D5: по фактуре
A6: Отходы в день | B6: =ROUND(B2*B3*B4/1000,1) | C6: кг
A7: Строка «выброшенных денег» в день | B7: =ROUND(B6*B5,0) | C7: руб
A8: Строка «выброшенных денег» в год | B8: =ROUND(B7*365,0) | C8: руб | D8: 365 дней

Sheet Сценарии
A1: Сценарий снижения отходов | B1: Снижение, % | C1: Экономия в день, руб | D1: Экономия в год, руб | E1: Пометка
A2: Снижение на 10% | B2: 10 | C2: =ROUND('Отходы'!B7*B2/100,0) | D2: =ROUND('Отходы'!B8*B2/100,0) | E2: гипотеза — подтверждается только повторным замером через 90 дней
A3: Снижение на 20% | B3: 20 | C3: =ROUND('Отходы'!B7*B3/100,0) | D3: =ROUND('Отходы'!B8*B3/100,0) | E3: гипотеза — подтверждается только повторным замером через 90 дней
A4: Снижение на 30% | B4: 30 | C4: =ROUND('Отходы'!B7*B4/100,0) | D4: =ROUND('Отходы'!B8*B4/100,0) | E4: гипотеза — подтверждается только повторным замером через 90 дней
